Nhóm,sku_id,name,price,shelf_full_qty,image_url_1,image_url_2
Bánh kẹo,choco_pie_org,Bánh chocopie Orion hộp 217.8g (6 cái),30000,10,"https://img.tgdd.vn/imgt/bhx/f_webp,fit_outside,quality_95,s_1560x1168/https://cdnv2.tgdd.vn/bhx-static/bhx/Products/Images/7622/76995/bhx/banh-choco-pie-6p-180g_202512050937577481.jpg","https://img.tgdd.vn/imgt/bhx/f_webp,fit_outside,quality_95,s_1560x1168/https://cdnv2.tgdd.vn/bhx-static/bhx/Products/Images/7622/76995/bhx/banh-choco-pie-6p-180g_202512050937589437.jpg"
Bánh kẹo,choco_pie_dark,Bánh chocopie Orion Dark vị ca cao hộp 180g (6 cái),34000,10,"https://img.tgdd.vn/imgt/bhx/f_webp,fit_outside,quality_95,s_1560x1168/https://cdn.tgdd.vn/Products/Images/7622/145095/bhx/banh-chocopie-orion-dark-vi-ca-cao-hop-180g-6-cai-202401201135386099.jpg","https://img.tgdd.vn/imgt/bhx/f_webp,fit_outside,quality_95,s_1560x1168/https://cdn.tgdd.vn/Products/Images/7622/145095/bhx/banh-chocopie-orion-dark-vi-ca-cao-hop-180g-6-cai-202401201136090794.jpg"
Bánh kẹo,karo_org,Bánh trứng tươi chà bông Karo Richy túi 156g,41000,10,https://cdn.tgdd.vn/Products/Images/9027/229779/bhx/banh-trung-tuoi-cha-bong-karo-richy-tui-156g-26g-x-6-goi-202010210026173458.jpg,https://img.onelife.vn/LYXxezwq9REfIkDzsUN7w_bJ75ZOBjs_9BXEp5ltdL0/rs:fit:600:600:1/aHR0cHM6Ly9zdG9yYWdlLmdvb2dsZWFwaXMuY29tL3NjX3BjbV9wcm9kdWN0L3Byb2QvMjAyNS8xMS8xMy83MDI3MTItODkzODUwNjE3MDg5Mi53ZWJw.webp
Bánh kẹo,karo_phomai,Bánh trứng tươi phô mai hoàng kim Karo Richy túi 156g,41000,10,"https://img.tgdd.vn/imgt/bhx/f_webp,fit_outside,quality_95,s_1560x1168/https://cdn.tgdd.vn/Products/Images/9027/242814/bhx/banh-trung-tuoi-pho-mai-hoang-kim-karo-goi-156g-202107031030040113.jpg","https://img.tgdd.vn/imgt/bhx/f_webp,fit_outside,quality_95,s_1560x1168/https://cdn.tgdd.vn/Products/Images/9027/242814/bhx/banh-trung-tuoi-pho-mai-hoang-kim-karo-richy-goi-26g-202106191045187310.jpg"
Bánh kẹo,alpenliebe_2chew,Kẹo mềm hương trái cây Alpenliebe 2Chew gói 84g,17000,20,"https://img.tgdd.vn/imgt/bhx/f_webp,fit_outside,quality_95,s_1560x1168/https://cdn.tgdd.vn/Products/Images/7199/80065/bhx/keo-mem-huong-trai-cay-alpenliebe-2chew-goi-875g-202211171130397017.jpg",https://filebroker-cdn.lazada.vn/kf/S432d64ba628f4b5cbd80f5c241545d42w.jpg
Bánh kẹo,alpenliebe_xoai,Kẹo hương xoài nhân muối ớt Alpenliebe gói 87g,17000,20,"https://img.tgdd.vn/imgt/bhx/f_webp,fit_outside,quality_95,s_1560x1168/https://cdn.tgdd.vn/Products/Images/2687/231014/bhx/keo-huong-xoai-nhan-muoi-ot-alpenliebe-goi-87g-202011231000137354.jpg",https://chiboomart.com/wp-content/uploads/2022/02/z3187726093465_048_eadfe29bd371188c579e9d5d05d388c8-1536x2048.jpg
Bánh kẹo,kopiko_classic,Kẹo cà phê Coffeeshot Classic KOPIKO gói 135g,16000,20,"https://img.tgdd.vn/imgt/bhx/f_webp,fit_outside,quality_95,s_1560x1168/https://cdn.tgdd.vn/Products/Images/2687/77808/bhx/keo-ca-phe-coffeeshot-classic-kopiko-goi-135g-202209281426158879.jpg",https://down-vn.img.susercontent.com/file/03a4fdd7315f51e6b8c32bcc241d7c13.webp
Bánh kẹo,dynamite_mint,Kẹo hương bạc hà nhân socola Dynamite Big Bang gói 112g,15000,20,"https://img.tgdd.vn/imgt/bhx/f_webp,fit_outside,quality_95,s_1560x1168/https://cdnv2.tgdd.vn/bhx-static/bhx/Products/Images/2687/79502/bhx/keo-dynamite-nhan-bac-ha-120g_202512121039195294.jpg",https://down-vn.img.susercontent.com/file/vn-11134207-7r98o-lx7tagewn26xec@resize_w900_nl.webp
Bánh kẹo,oreo_vanil_105,Bánh quy nhân kem vani Oreo gói 105g,17000,30,"https://img.tgdd.vn/imgt/bhx/f_webp,fit_outside,quality_95,s_1560x1168/https://cdn.tgdd.vn/Products/Images/3357/79860/bhx/banh-quy-nhan-kem-vani-oreo-goi-1196g-202301311524404090.jpg",https://khosimypham.com/wp-content/uploads/28799_248_20260320164629.png
Bánh kẹo,koala_socola,Bánh gấu nhân kem socola Lotte Koala's March hộp 37g,17500,20,"https://img.tgdd.vn/imgt/bhx/f_webp,fit_outside,quality_95,s_1560x1168/https://cdn.tgdd.vn/Products/Images/3357/77019/bhx/banh-gau-nhan-kem-socola-lotte-koalas-march-hop-37g-201912151456132188.jpg",https://down-vn.img.susercontent.com/file/vn-11134207-7qukw-lkf4gqutut2g3b@resize_w900_nl.webp
Nước giải khát có ga,coca_org_can_320,Lon nước ngọt Coca Cola 320ml,10600,10,"https://img.tgdd.vn/imgt/bhx/f_webp,fit_outside,quality_95,s_1560x1168/https://cdn.tgdd.vn/Products/Images/2443/125398/bhx/6-lon-nuoc-ngot-coca-cola-320ml-202304131108497884.jpg","https://img.tgdd.vn/imgt/bhx/f_webp,fit_outside,quality_95,s_1560x1168/https://cdn.tgdd.vn/Products/Images/2443/125398/bhx/6-lon-nuoc-ngot-coca-cola-320ml-202304131108500275.jpg"
Nước giải khát có ga,coca_zero_can_320,Lon nước ngọt Coca Cola Zero 320ml,10600,10,"https://img.tgdd.vn/imgt/bhx/f_webp,fit_outside,quality_95,s_1560x1168/https://cdnv2.tgdd.vn/bhx-static/bhx/Products/Images/2443/76452/bhx/h5yhtg_202410100920520137.jpg","https://img.tgdd.vn/imgt/bhx/f_webp,fit_outside,quality_95,s_1560x1168/https://cdn.tgdd.vn/Products/Images/2443/200548/bhx/6-lon-nuoc-ngot-coca-cola-zero-320ml-202201131339436853.jpg"
Nước giải khát có ga,coca_vani_can_320,Lon nước ngọt Coca Cola Vani 320ml,10600,10,https://down-vn.img.susercontent.com/file/vn-11134207-81ztc-mojdpwlanxn273.webp,https://down-vn.img.susercontent.com/file/vn-11134207-820l4-mjsakys4vjev83.webp
Nước giải khát có ga,coca_light_can_320,Lon nước ngọt Coca Cola Light 320ml,10600,10,"https://img.tgdd.vn/imgt/bhx/f_webp,fit_outside,quality_95,s_1560x1168/https://cdn.tgdd.vn/Products/Images/2443/194418/bhx/thung-24-lon-nuoc-ngot-coca-cola-light-330ml-202209130022486004.jpg","https://img.tgdd.vn/imgt/bhx/f_webp,fit_outside,quality_95,s_1560x1168/https://cdn.tgdd.vn/Products/Images/2443/194418/bhx/thung-24-lon-nuoc-ngot-coca-cola-light-330ml-202209130022487879.jpg"
Nước giải khát có ga,coca_org_chai_390,Nước ngọt Coca Cola chai 390ml,6000,10,"https://img.tgdd.vn/imgt/bhx/f_webp,fit_outside,quality_95,s_1560x1168/https://cdnv2.tgdd.vn/bhx-static/bhx/Products/Images/2443/195225/bhx/u7uo9_202410121037592215.jpg",https://cdn.go-vietnam.vn/sale-products/H2-00190960-2.png?v=10
Nước giải khát có ga,coca_zero_chai_390,Nước ngọt có ga Coca Cola Zero chai 390ml,7500,10,"https://img.tgdd.vn/imgt/bhx/f_webp,fit_outside,quality_95,s_1560x1168/https://cdn.tgdd.vn/Products/Images/2443/231553/bhx/24-chai-nuoc-ngot-co-ga-coca-cola-zero-390ml-202110281748300550.jpg","https://img.tgdd.vn/imgt/bhx/f_webp,fit_outside,quality_95,s_1560x1168/https://cdn.tgdd.vn/Products/Images/2443/231553/bhx/24-chai-nuoc-ngot-co-ga-coca-cola-zero-390ml-202110281748312705.jpg"
Nước giải khát có ga,coca_zero_chai_600,Nước ngọt có ga Coca Cola Zero chai 600ml,10600,10,"https://img.tgdd.vn/imgt/bhx/f_webp,fit_outside,quality_95,s_1560x1168/https://cdnv2.tgdd.vn/bhx-static/bhx/Products/Images/2443/231530/bhx/untitled-2_202410100942403425.jpg",
Nước giải khát có ga,pepsi_lemon_chai_320,Nước ngọt Pepsi không calo vị chanh chai 390ml,7000,10,"https://img.tgdd.vn/imgt/bhx/f_webp,fit_outside,quality_95,s_1560x1168/https://cdn.tgdd.vn/Products/Images/2443/284074/bhx/thung-24-chai-nuoc-ngot-pepsi-khong-calo-vi-chanh-390ml-202405131630062328.jpg",https://cdn.tgdd.vn/Products/Images//2443/227309/bhx/files/nuoc-ngot-pepsi-khong-calo-vi-chanh-chai-390ml-202207021705429749.jpg
Nước giải khát có ga,pepsi_org_chai_390,Nước ngọt Pepsi Cola chai 390ml,7000,10,https://vn-test-11.slatic.net/p/16dd891d9605075bd522b194f95c7b2d.jpg,
Nước giải khát có ga,pepsi_org_chai_600,Nước ngọt Pepsi Cola chai 600ml,6500,10,"https://img.tgdd.vn/imgt/bhx/f_webp,fit_outside,quality_95,s_1560x1168/https://cdnv2.tgdd.vn/bhx-static/bhx/Products/Images/2443/306895/bhx/cdntgddvnproductsimages2443306894bhx6-chai-nuoc-ngot-pepsi-cola-600ml-202407091448073746_202411011548142595.jpg",https://down-vn.img.susercontent.com/file/vn-11134201-7r98o-lxr01nhfuw9n06
Nước giải khát có ga,pepsi_org_lon_320,Nước ngọt Pepsi Cola lon 320ml,8500,10,"https://img.tgdd.vn/imgt/bhx/f_webp,fit_outside,quality_95,s_1560x1168/https://cdn.tgdd.vn/Products/Images/2443/262234/bhx/nuoc-ngot-pepsi-cola-sleek-lon-245ml-202405271439524725.jpg",https://bizweb.dktcdn.net/thumb/1024x1024/100/561/131/products/thung-24-lon-nuoc-ngot-co-gaz-pepsi-cola-320ml-6.webp?v=1756203456163
Nước giải khát có ga,pepsi_zero_lon_320,Nước ngọt Pepsi Không Calo lon 320ml,9500,10,"https://img.tgdd.vn/imgt/bhx/f_webp,fit_outside,quality_95,s_1560x1168/https://cdn.tgdd.vn/Products/Images/2443/227312/bhx/nuoc-ngot-pepsi-khong-calo-lon-320ml-202405140927583779.jpg","https://img.tgdd.vn/imgt/bhx/f_webp,fit_outside,quality_95,s_1560x1168/https://cdn.tgdd.vn/Products/Images/2443/227312/bhx/nuoc-ngot-pepsi-khong-calo-lon-320ml-202405140928001487.jpg"
Nước giải khát có ga,pepsi_lemon_lon_320,Nước ngọt Pepsi không calo vị chanh lon 320ml,9500,10,"https://img.tgdd.vn/imgt/bhx/f_webp,fit_outside,quality_95,s_1560x1168/https://cdnv2.tgdd.vn/bhx-static/bhx/Products/Images/2443/227309/bhx/nuoc-ngot-pepsi-khong-calo-vi-chanh-330ml_202510312056074573.jpg","https://img.tgdd.vn/imgt/bhx/f_webp,fit_outside,quality_95,s_1560x1168/https://cdn.tgdd.vn/Products/Images/2443/227309/bhx/nuoc-ngot-pepsi-khong-calo-vi-chanh-lon-320ml-202403141101088229.jpg"
Nước giải khát có ga,pepsi_ras_lon_320,Nước ngọt Pepsi không đường vị phúc bồn tử lon 320ml,9500,10,"https://img.tgdd.vn/imgt/bhx/f_webp,fit_outside,quality_95,s_1560x1168/https://cdnv2.tgdd.vn/bhx-static/bhx/Products/Images/2443/344807/bhx/frame-1_202509101650448252.jpg",https://www.lottemart.vn/media/catalog/product/cache/0x0/8/9/8934588462429-2.jpg.webp
Nước giải khát có ga,sprite_lon_320,Nước ngọt Sprite hương chanh lon 320ml,10300,10,"https://img.tgdd.vn/imgt/bhx/f_webp,fit_outside,quality_95,s_1560x1168/https://cdn.tgdd.vn/Products/Images/2443/85146/bhx/nuoc-ngot-sprite-huong-chanh-lon-320ml-202306200909131864.jpg","https://img.tgdd.vn/imgt/bhx/f_webp,fit_outside,quality_95,s_1560x1168/https://cdn.tgdd.vn/Products/Images/2443/85146/bhx/nuoc-ngot-sprite-huong-chanh-lon-320ml-202306200909137681.jpg"
Nước giải khát có ga,fanta_cam_lon_320,Nước ngọt Fanta hương cam lon 320ml,9800,10,"https://img.tgdd.vn/imgt/bhx/f_webp,fit_outside,quality_95,s_1560x1168/https://cdnv2.tgdd.vn/bhx-static/bhx/Products/Images/2443/76453/bhx/z-2_202411041431130825.jpg",https://bizweb.dktcdn.net/thumb/large/100/522/033/products/4d653b9c-81db-48f8-85ec-4a1846bdc695.jpg?v=1768098926700
Nước giải khát có ga,fanta_cam_chai_600,"Nước ngọt Fanta hương cam chai 600ml
",10000,10,"https://img.tgdd.vn/imgt/bhx/f_webp,fit_outside,quality_95,s_1560x1168/https://cdnv2.tgdd.vn/bhx-static/bhx/Products/Images/2443/118115/bhx/z-30_202411041506541329.jpg",https://image-cdn.7-eleven.vn/resize?type=webp&width=900&height=900&url=https%3A%2F%2Fcdn.7-eleven.vn%2Fproduction%2Fproduct_uoms%2Fimages%2F13113_1627628055_original.jpg%3F1642050370
Nước giải khát có ga,7up_org_lon_320,Nước ngọt 7 Up vị chanh lon 320ml,10500,10,"https://img.tgdd.vn/imgt/bhx/f_webp,fit_outside,quality_95,s_1560x1168/https://cdn.tgdd.vn/Products/Images/2443/76446/bhx/nuoc-ngot-7-up-lon-330ml-202312252102017018.jpg","https://img.tgdd.vn/imgt/bhx/f_webp,fit_outside,quality_95,s_1560x1168/https://cdn.tgdd.vn/Products/Images/2443/76446/bhx/nuoc-ngot-7-up-lon-330ml-202312252102019548.jpg"
Nước giải khát có ga,7up_soda_lon_320,Nước ngọt soda chanh 7 Up lon 320ml,9500,10,"https://img.tgdd.vn/imgt/bhx/f_webp,fit_outside,quality_95,s_1560x1168/https://cdn.tgdd.vn/Products/Images/2443/312727/bhx/nuoc-ngot-soda-chanh-7-up-lon-320ml-202308160842308679.jpg","https://img.tgdd.vn/imgt/bhx/f_webp,fit_outside,quality_95,s_1560x1168/https://cdn.tgdd.vn/Products/Images/2443/312727/bhx/nuoc-ngot-soda-chanh-7-up-lon-320ml-202308160842305805.jpg"
Nước giải khát có ga,7up_chai_600,Nước ngọt 7Up chai 600ml,12000,10,https://bizweb.dktcdn.net/100/561/131/products/nuoc-ngot-7up-600ml-3.webp?v=1756281554573,
Nước giải khát có ga,mirinda_xaxi_chai_390,Nước ngọt Mirinda hương xá xị chai 390ml,8000,10,"https://img.tgdd.vn/imgt/bhx/f_webp,fit_outside,quality_95,s_1560x1168/https://cdn.tgdd.vn/Products/Images/2443/76462/bhx/nuoc-ngot-mirinda-huong-xa-xi-chai-390ml-202310311413548237.jpg","https://img.tgdd.vn/imgt/bhx/f_webp,fit_outside,quality_95,s_1560x1168/https://cdn.tgdd.vn/Products/Images/2443/76462/bhx/mirinda-xaxi-pet-390ml-3-700x467.jpg"
Nước uống không ga / nước suối,lavie_org_chai_500,Nước khoáng La Vie 500ml,5500,10,"https://img.tgdd.vn/imgt/ankhang/f_webp,fit_outside,quality_95/https://cdnv2.tgdd.vn/pim/cdn/images/202601/nuoc-khoang-la-vie-500ml-2164636.jpg","https://img.tgdd.vn/imgt/ankhang/f_webp,fit_outside,quality_95/https://cdnv2.tgdd.vn/pim/cdn/images/202601/nuoc-khoang-la-vie-500ml-4164636.jpg"
Nước uống không ga / nước suối,lavie_org_chai_1l5,Nước khoáng La Vie 1.5 lít,11600,10,"https://img.tgdd.vn/imgt/bhx/f_webp,fit_outside,quality_95,s_1560x1168/https://cdnv2.tgdd.vn/bhx-static/bhx/Products/Images/2563/76402/bhx/nuoc-khoang-la-vie-15l_202511181635128050.jpg",https://product.hstatic.net/1000246697/product/nuoc-khoang-la-vie-15-lit-202209122334071443_5bfa47142e714a18856bbd0c7ebd5e1d_master.jpg
Nước uống không ga / nước suối,aquafina_chai_500,Nước tinh khiết Aquafina 500ml,5500,10,"https://img.tgdd.vn/imgt/bhx/f_webp,fit_outside,quality_95,s_1560x1168/https://cdn.tgdd.vn/Products/Images/2563/79247/bhx/nuoc-tinh-khiet-aquafina-500ml-202407121618240191.jpg","https://img.tgdd.vn/imgt/bhx/f_webp,fit_outside,quality_95,s_1560x1168/https://cdn.tgdd.vn/Products/Images/2563/79247/bhx/nuoc-tinh-khiet-aquafina-500ml-202407121618245046.jpg"
Nước uống không ga / nước suối,aquafina_chai_1l5,Nước tinh khiết Aquafina 1.5 lít,5500,10,"https://img.tgdd.vn/imgt/bhx/f_webp,fit_outside,quality_95,s_1560x1168/https://cdn.tgdd.vn/Products/Images/2563/84814/bhx/nuoc-tinh-khiet-aquafina-15-lit-202407121349505776.jpg",https://img.onelife.vn/GQq7plEiROC9bMtgErwl9R9h6KGKmS4KCFVIGvOi2fs/rs:fit:600:600:1/aHR0cHM6Ly9zdG9yYWdlLmdvb2dsZWFwaXMuY29tL3NjX3BjbV9wcm9kdWN0L3Byb2QvMjAyNC8zLzI3LzQ3MDI1LTg5MzQ1ODgwNjMwNjAuanBn.webp
Nước uống không ga / nước suối,aquafina_5l,Nước tinh khiết Aquafina 5 lít,30000,5,"https://img.tgdd.vn/imgt/bhx/f_webp,fit_outside,quality_95,s_1560x1168/https://cdn.tgdd.vn/Products/Images/2563/84815/bhx/thung-4-chai-nuoc-tinh-khiet-aquafina-5-lit-201911081657514458.jpg","https://img.tgdd.vn/imgt/bhx/f_webp,fit_outside,quality_95,s_1560x1168/https://cdn.tgdd.vn/Products/Images/2563/84815/bhx/thung-4-chai-nuoc-tinh-khiet-aquafina-5-lit-201911081657520752.jpg"
Nước uống không ga / nước suối,ocany_500,Nước uống i-on kiềm Ocany 500ml,5700,10,"https://img.tgdd.vn/imgt/bhx/f_webp,fit_outside,quality_95,s_1560x1168/https://cdnv2.tgdd.vn/bhx-static/bhx/Products/Images/2563/309362/bhx/nuoc-uong-i-on-kiem-ocany-600ml_202511241720009894.jpg",https://down-vn.img.susercontent.com/file/vn-11134207-7ras8-m0wrg7i1lmwdb0.webp
Nước uống không ga / nước suối,ocany_1l5,Nước uống i-on kiềm Ocany 1.5 lít,12300,10,"https://img.tgdd.vn/imgt/bhx/f_webp,fit_outside,quality_95,s_1560x1168/https://cdn.tgdd.vn/Products/Images/2563/309365/bhx/thung-12-chai-nuoc-uong-i-on-kiem-ocany-15-lit-202306171800017963.jpg","https://img.tgdd.vn/imgt/bhx/f_webp,fit_outside,quality_95,s_1560x1168/https://cdn.tgdd.vn/Products/Images/2563/309365/bhx/thung-12-chai-nuoc-uong-i-on-kiem-ocany-15-lit-202306171800020057.jpg"
Nước uống không ga / nước suối,teaplus_org,Trà ô long Tea Plus 450ml,8500,10,"https://img.tgdd.vn/imgt/bhx/f_webp,fit_outside,quality_95,s_1560x1168/https://cdnv2.tgdd.vn/bhx-static/bhx/Products/Images/8938/79209/bhx/tra-oolong-tea-pet-455ml_202509231006248929.jpg",https://production-cdn.pharmacity.io/digital/1080x1080/plain/e-com/images/ecommerce/20251210023651-2-P06475_2.jpg?versionId=F1oWdJTlHW8PSXYC.r.s4ElgorOZCXRk
Nước uống không ga / nước suối,teaplus_nosugar_450,Trà ô long Tea Plus không đường 450ml,8500,10,"https://img.tgdd.vn/imgt/bhx/f_webp,fit_outside,quality_95,s_1560x1168/https://cdnv2.tgdd.vn/bhx-static/bhx/Products/Images/8938/211660/bhx/thung-24-chai-tra-o-long-tea-plus-khong-duong-455ml_202509301355163630.jpg",https://bizweb.dktcdn.net/thumb/1024x1024/100/561/131/products/tra-o-long-tea-plus-plus-khong-duong-450ml-4.webp?v=1756292610323
Nước uống không ga / nước suối,teaplus_lemon_450,Trà ô long Tea Plus vị chanh 450ml,8500,10,https://cdnv2.tgdd.vn/bhx-static/bhx/Products/Images/8938/194572/bhx/nuoc-tra-tea-plus_202509301432295823.jpg,
Nước uống không ga / nước suối,c2_chanh,Trà xanh C2 hương chanh 455ml,11300,10,"https://img.tgdd.vn/imgt/bhx/f_webp,fit_outside,quality_95,s_1560x1168/https://cdn.tgdd.vn/Products/Images/8938/76390/bhx/tra-xanh-c2-huong-chanh-455ml-202006191929206306.jpg","https://img.tgdd.vn/imgt/bhx/f_webp,fit_outside,quality_95,s_1560x1168/https://cdn.tgdd.vn/Products/Images/8938/76390/bhx/tra-xanh-c2-huong-chanh-455ml-202006191929223897.jpg"
Nước uống không ga / nước suối,c2_tac,Trà đen C2 hương tắc chai 455ml,11300,10,"https://img.tgdd.vn/imgt/bhx/f_webp,fit_outside,quality_95,s_720x584/https://cdnv2.tgdd.vn/bhx-static/bhx/production/2026/3/image/Products/Images/8938/364041/bhx/tra-den-c2-huong-tac-chai-455ml_202603121510194020.jpg",https://cdnv2.tgdd.vn/bhx-static/bhx/production/2026/3/image/News/Images/2026/03/26/1591378/image1_202603260927588989.jpg
Nước uống không ga / nước suối,bidao_lon_310,Trà bí đao Wonderfarm 310ml,9300,10,"https://img.tgdd.vn/imgt/bhx/f_webp,fit_outside,quality_95,s_1560x1168/https://cdnv2.tgdd.vn/bhx-static/bhx/production/2025/12/image/Products/Images/8938/79178/bhx/nuoc-tra-bi-dao-lon-310ml_202512230931173078.jpg",https://cdn2-retail-images.kiotviet.vn/thanhlanhadong1/641442bb4dbf4bbf8d533865aef9ce26.jpeg
Nước uống không ga / nước suối,caphelon_hl_235,Cà phê sữa Highlands 235ml,15400,10,"https://img.tgdd.vn/imgt/bhx/f_webp,fit_outside,quality_95,s_1560x1168/https://cdn.tgdd.vn/Products/Images/8966/193095/bhx/ca-phe-sua-highlands-235ml-201903251338254805.jpg","https://img.tgdd.vn/imgt/bhx/f_webp,fit_outside,quality_95,s_1560x1168/https://cdn.tgdd.vn/Products/Images/8966/193095/bhx/ca-phe-sua-highlands-235ml-201903251338258687.jpg"
Nước uống không ga / nước suối,maeil_tao,"Nước ép trái cây PICNIC vị táo Maeil 200m
",17000,10,https://tteokbokki.vn/cdn/shop/files/Nuoc-ep-trai-cay-pinnic-vi-tao-maeil-200ml_720x@2x.png?v=1708587961,https://fujimart.vn/wp-content/uploads/2025/04/Nuoc-ep-hoa-qua-Maeil-Picnic-vi-tao-200ml.png
Nước uống không ga / nước suối,maeil_nho,Nước ép trái cây PICNIC vị nho Maeil 200m,17000,10,https://tteokbokki.vn/cdn/shop/files/Nuoc-ep-trai-cay-pinnic-vi-nho-maeil-200ml_720x@2x.png?v=1708585827,https://shop.annam-gourmet.com/pub/media/catalog/product/cache/d37736df50be6680bb835be65e27017a/i/t/item_B132936_1fec.png
Nước uống không ga / nước suối,boss_caphesua_lon,Cà phê sữa Boss lon 180ml,12000,10,"https://img.tgdd.vn/imgt/bhx/f_webp,fit_outside,quality_95,s_1560x1168/https://cdn.tgdd.vn/Products/Images/8966/211672/bhx/24-lon-ca-phe-sua-boss-180ml-202407151227431986.jpg","https://img.tgdd.vn/imgt/bhx/f_webp,fit_outside,quality_95,s_1560x1168/https://cdn.tgdd.vn/Products/Images/8966/211672/bhx/24-lon-ca-phe-sua-boss-180ml-202407151227440600.jpg"
Nước uống không ga / nước suối,revive_pro,Nước uống điện giải Active Pro Revive chai 450ml,13000,10,https://img.onelife.vn/t52srnRd1rOu4tLr7E73VTtdJn7012VHMz1WAtOEtg4/rs:fit:600:600:1/aHR0cHM6Ly9zdG9yYWdlLmdvb2dsZWFwaXMuY29tL29uZWxpZmUtcHVibGljLzg5MzQ1ODg1NDM1NTUuanBn.webp,
Sữa & sản phẩm từ sữa,vnm_org_sugar_180,Sữa tươi tiệt trùng ít đường Vinamilk 100% Sữa tươi 180ml,8500,20,"https://img.tgdd.vn/imgt/bhx/f_webp,fit_outside,quality_95,s_1560x1168/https://cdnv2.tgdd.vn/bhx-static/bhx/production/2025/12/image/Products/Images/2386/79313/bhx/sttt-vinamilk-dan-bo-cd-180ml_202512221125521751.jpg","https://img.tgdd.vn/imgt/bhx/f_webp,fit_outside,quality_95,s_1560x1168/https://cdn.tgdd.vn/Products/Images/2386/79313/bhx/loc-4-hop-sua-tuoi-tiet-trung-co-duong-vinamilk-100-sua-tuoi-180ml-202403281331562757.jpg"
Sữa & sản phẩm từ sữa,vnm_org_sugar_1l,"Sữa tươi tiệt trùng có đường Vinamilk 100% Sữa tươi hộp 1 lít
",40500,10,"https://img.tgdd.vn/imgt/bhx/f_webp,fit_outside,quality_95,s_1560x1168/https://cdn.tgdd.vn/Products/Images/2386/79312/bhx/sua-tuoi-tiet-trung-co-duong-vinamilk-100-sua-tuoi-hop-1-lit-202403281405411648.jpg","https://img.tgdd.vn/imgt/bhx/f_webp,fit_outside,quality_95,s_1560x1168/https://cdn.tgdd.vn/Products/Images/2386/79312/bhx/sua-tuoi-tiet-trung-co-duong-vinamilk-100-sua-tuoi-hop-1-lit-202403281405409207.jpg"
Sữa & sản phẩm từ sữa,vnm_org_sugar_220,"Sữa tươi tiệt trùng có đường Vinamilk 100% Sữa tươi bịch 220ml
",9400,10,"https://img.tgdd.vn/imgt/bhx/f_webp,fit_outside,quality_95,s_1560x1168/https://cdnv2.tgdd.vn/bhx-static/bhx/production/2025/12/image/Products/Images/2386/292404/bhx/sua-tuoi-tiet-trung-co-duong-vinamilk-100-sua-tuoi-bich-220ml_202512191521537582.jpg","https://img.tgdd.vn/imgt/bhx/f_webp,fit_outside,quality_95,s_1560x1168/https://cdnv2.tgdd.vn/bhx-static/bhx/production/2025/12/image/Products/Images/2386/292404/bhx/sua-tuoi-tiet-trung-co-duong-vinamilk-100-sua-tuoi-bich-220ml_202512220943427220.jpg"
Sữa & sản phẩm từ sữa,vnm_org_no_180,Sữa tươi tiệt trùng không đường Vinamilk 100% Sữa tươi 180ml,9200,20,"https://img.tgdd.vn/imgt/bhx/f_webp,fit_outside,quality_95,s_1560x1168/https://cdnv2.tgdd.vn/bhx-static/bhx/production/2025/12/image/Products/Images/2386/80483/bhx/sttt-vinamilk-dan-bo-kd-180ml-loc_202512220957513728.jpg","https://img.tgdd.vn/imgt/bhx/f_webp,fit_outside,quality_95,s_1560x1168/https://cdn.tgdd.vn/Products/Images/2386/80483/bhx/loc-4-hop-sua-tuoi-tiet-trung-khong-duong-vinamilk-100-sua-tuoi-180ml-202403281616307369.jpg"
Sữa & sản phẩm từ sữa,vnm_org_no_1l,Sữa tươi tiệt trùng không đường Vinamilk 100% Sữa tươi hộp 1 lít,40500,10,"https://img.tgdd.vn/imgt/bhx/f_webp,fit_outside,quality_95,s_1560x1168/https://cdn.tgdd.vn/Products/Images/2386/76888/bhx/sua-tuoi-tiet-trung-khong-duong-vinamilk-100-sua-tuoi-hop-1-lit-202403281355127611.jpg","https://img.tgdd.vn/imgt/bhx/f_webp,fit_outside,quality_95,s_1560x1168/https://cdn.tgdd.vn/Products/Images/2386/76888/bhx/sua-tuoi-tiet-trung-khong-duong-vinamilk-100-sua-tuoi-hop-1-lit-202403281355125054.jpg"
Sữa & sản phẩm từ sữa,vnm_org_no_220,Sữa tươi tiệt trùng không đường Vinamilk 100% Sữa tươi bịch 220ml,9400,10,"https://img.tgdd.vn/imgt/bhx/f_webp,fit_outside,quality_95,s_1560x1168/https://cdnv2.tgdd.vn/bhx-static/bhx/production/2026/6/image/Products/Images/2386/292407/bhx/sua-tuoi-tiet-trung-khong-duong-vinamilk-100-sua-tuoi-bich-220ml_202606221335217593.jpg","https://img.tgdd.vn/imgt/bhx/f_webp,fit_outside,quality_95,s_1560x1168/https://cdnv2.tgdd.vn/bhx-static/bhx/production/2026/6/image/Products/Images/2386/292407/bhx/sua-tuoi-tiet-trung-khong-duong-vinamilk-100-sua-tuoi-bich-220ml_202606221335220734.jpg"
Sữa & sản phẩm từ sữa,vnm_org_less_180,Sữa tươi tiệt trùng ít đường Vinamilk 100% Sữa tươi 180ml,9200,20,"https://img.tgdd.vn/imgt/bhx/f_webp,fit_outside,quality_95,s_1560x1168/https://cdnv2.tgdd.vn/bhx-static/bhx/production/2025/12/image/Products/Images/2386/85530/bhx/stt-vinamilk-it-duong-hop-180ml-48_202512221036250557.jpg","https://img.tgdd.vn/imgt/bhx/f_webp,fit_outside,quality_95,s_1560x1168/https://cdn.tgdd.vn/Products/Images/2386/85530/bhx/thung-48-hop-sua-tuoi-tiet-trung-it-duong-vinamilk-100-sua-tuoi-180ml-202310071419470034.jpg"
Sữa & sản phẩm từ sữa,vnm_org_less_1l,Sữa tươi tiệt trùng ít đường Vinamilk 100% Sữa tươi hộp 1 lít,40500,10,"https://img.tgdd.vn/imgt/bhx/f_webp,fit_outside,quality_95,s_1560x1168/https://cdn.tgdd.vn/Products/Images/2386/177675/bhx/sua-tuoi-tiet-trung-it-duong-vinamilk-100-sua-tuoi-hop-1-lit-202403281408508133.jpg","https://img.tgdd.vn/imgt/bhx/f_webp,fit_outside,quality_95,s_1560x1168/https://cdn.tgdd.vn/Products/Images/2386/177675/bhx/sua-tuoi-tiet-trung-it-duong-vinamilk-100-sua-tuoi-hop-1-lit-202403281408504668.jpg"
Sữa & sản phẩm từ sữa,vnm_org_less_220,Sữa tươi tiệt trùng ít đường Vinamilk 100% Sữa tươi bịch 220ml,9400,10,"https://img.tgdd.vn/imgt/bhx/f_webp,fit_outside,quality_95,s_1560x1168/https://cdnv2.tgdd.vn/bhx-static/bhx/production/2026/6/image/Products/Images/2386/292406/bhx/sua-tuoi-tiet-trung-it-duong-vinamilk-100-sua-tuoi-bich-220ml_202606221331253324.jpg",https://cdn.go-vietnam.vn/sale-products/H2-01247134-1.png?v=7
Sữa & sản phẩm từ sữa,vnm_banana_180,Sữa tươi tiệt trùng vị chuối Vinamilk giảm béo 180ml,9500,10,"https://img.tgdd.vn/imgt/bhx/f_webp,fit_outside,quality_95,s_1560x1168/https://cdnv2.tgdd.vn/bhx-static/bhx/Products/Images/2386/332627/bhx/332627-slide_202411301039239313.jpg",https://d8um25gjecm9v.cloudfront.net/cms/ST_Tiet_trung_FM_100_Chuoi_180_02_f3a82ac2cf_b5067c67ba.png
Sữa & sản phẩm từ sữa,vnm_coconut_180,Sữa tươi tiệt trùng vị dừa Vinamilk 180ml,9500,10,https://d8um25gjecm9v.cloudfront.net/cms/ST_Tiet_trung_FM_100_Dua_180_1_5f8b8c143f_361dd492a8.png,https://d8um25gjecm9v.cloudfront.net/cms/ST_Tiet_trung_FM_100_Dua_180_2_b9acac4d7a_38bde7fe58.png
Sữa & sản phẩm từ sữa,vnm_choco_180,Sữa tươi tiệt trùng vị socola Vinamilk 180ml,9500,10,https://d8um25gjecm9v.cloudfront.net/cms/ST_Tiet_trung_FM_100_SCL_180_1_3465af162b_fade76de28.png,"https://img.tgdd.vn/imgt/bhx/f_webp,fit_outside,quality_95,s_1560x1168/https://cdn.tgdd.vn/Products/Images/2386/85528/bhx/thung-48-hop-sua-tuoi-tiet-trung-socola-vinamilk-100-sua-tuoi-180ml-202404021101448354.jpg"
Sữa & sản phẩm từ sữa,vnm_probi_less_65,Sữa chua uống men sống ít đường Vinamilk 65ml,5100,20,"https://img.tgdd.vn/imgt/bhx/f_webp,fit_outside,quality_95,s_1560x1168/https://cdnv2.tgdd.vn/bhx-static/bhx/Products/Images/7598/216065/bhx/frame-3475099-8_202409130943132576.jpg","https://img.tgdd.vn/imgt/bhx/f_webp,fit_outside,quality_95,s_1560x1168/https://cdnv2.tgdd.vn/bhx-static/bhx/Products/Images/7598/216065/bhx/frame-3475099-7_202409130943136636.jpg"
Sữa & sản phẩm từ sữa,th_juicemilk_dau,"Nước uống sữa trái cây TH True Juice Milk dâu 300ml
",11300,5,https://www.thtruemart.vn/media/catalog/product/cache/207e23213cf636ccdef205098cf3c8a3/j/u/juice_milk_dau_chai_800x800.png,"https://img.tgdd.vn/imgt/bhx/f_webp,fit_outside,quality_95,s_1560x1168/https://cdn.tgdd.vn/Products/Images/2947/259892/bhx/loc-6-chai-nuoc-sua-trai-cay-th-true-juice-milk-dau-300ml-202111271137586158.jpg"
Sữa & sản phẩm từ sữa,th_probiotic_org_85,Sữa uống lên men có đường TH True Yogurt Probi 85ml,6125,10,https://www.thtruemart.vn/media/catalog/product/cache/207e23213cf636ccdef205098cf3c8a3/c/h/chai-sua-uong-len-men-th-true-yogurt-co-duong_1.jpg,https://www.thtruemart.vn/media/catalog/product/cache/207e23213cf636ccdef205098cf3c8a3/7/5/75_1.png
Sữa & sản phẩm từ sữa,th_org_180,Sữa Tươi Tiệt Trùng Có Đường TH true MILK 180 ml,9750,20,https://www.thmilk.vn/wp-content/uploads/2019/11/c%C3%B3-%C4%91%C6%B0%E1%BB%9Dng-png-3.png,https://www.thmilk.vn/wp-content/uploads/2019/11/co-dduongf-png.png
Sữa & sản phẩm từ sữa,th_org_1l,Sữa tươi tiệt trùng có đường TH true MILK hộp 1 lít,43500,10,"https://img.tgdd.vn/imgt/bhx/f_webp,fit_outside,quality_95,s_1560x1168/https://cdn.tgdd.vn/Products/Images/2386/79296/bhx/sua-tuoi-tiet-trung-co-duong-th-true-milk-hop-1-lit-202211231533105206.jpg","https://img.tgdd.vn/imgt/bhx/f_webp,fit_outside,quality_95,s_1560x1168/https://cdn.tgdd.vn/Products/Images/2386/79296/bhx/sua-tuoi-tiet-trung-co-duong-th-true-milk-hop-1-lit-202211231533101889.jpg"
Sữa & sản phẩm từ sữa,th_no_180,Sữa tươi tiệt trùng nguyên chất không đường TH true MILK 180ml,9750,20,https://www.thmilk.vn/wp-content/uploads/2019/11/nguy%C3%AAn-ch%E1%BA%A5t-png.png,https://www.thmilk.vn/wp-content/uploads/2019/11/vi-tu-nhi%C3%AAn-png.png
Sữa & sản phẩm từ sữa,th_no_1l,Sữa tươi tiệt trùng nguyên chất không đường TH true MILK hộp 1 lít,43500,10,"https://img.tgdd.vn/imgt/bhx/f_webp,fit_outside,quality_95,s_1560x1168/https://cdn.tgdd.vn/Products/Images/2386/79294/bhx/sua-tuoi-tiet-trung-th-true-milk-nguyen-chat-hop-1-lit-201811301337065436.jpg","https://img.tgdd.vn/imgt/bhx/f_webp,fit_outside,quality_95,s_1560x1168/https://cdn.tgdd.vn/Products/Images/2386/79294/bhx/sua-tuoi-tiet-trung-nguyen-chat-khong-duong-th-true-milk-hop-1-lit-202104132312338829.jpg"
Sữa & sản phẩm từ sữa,th_less_180,Sữa tươi tiệt trùng nguyên chất ít đường TH true MILK 180ml,9750,20,"https://img.tgdd.vn/imgt/bhx/f_webp,fit_outside,quality_95,s_1560x1168/https://cdn.tgdd.vn/Products/Images/2386/85853/bhx/thung-sua-tuoi-tiet-trung-th-true-milk-it-duong-180ml-48-hop-201811262347284349.jpg",https://longbeachmart-cdn.b-cdn.net/lbm_images_sku/1000000003282_1.jpg
Sữa & sản phẩm từ sữa,th_less_1l,Sữa tươi tiệt trùng nguyên chất ít đường TH true MILK 1 lít,56000,5,https://www.thtruemart.vn/media/catalog/product/cache/207e23213cf636ccdef205098cf3c8a3/i/t/it-duong-1l-2024.jpg,"https://img.tgdd.vn/imgt/bhx/f_webp,fit_outside,quality_95,s_1560x1168/https://cdn.tgdd.vn/Products/Images/2386/76878/bhx/sua-tuoi-tiet-trung-it-duong-th-true-milk-hop-1-lit-202104081703261728.jpg"
Sữa & sản phẩm từ sữa,th_dau_180,Sữa tươi tiệt trùng hương dâu TH true MILK 180ml,10125,10,"https://img.tgdd.vn/imgt/bhx/f_webp,fit_outside,quality_95,s_1560x1168/https://cdn.tgdd.vn/Products/Images/2386/80460/bhx/loc-4-hop-sua-tuoi-tiet-trung-huong-dau-th-true-milk-180ml-202012181055107450.jpg","https://img.tgdd.vn/imgt/bhx/f_webp,fit_outside,quality_95,s_1560x1168/https://cdn.tgdd.vn/Products/Images/2386/80460/bhx/loc-4-hop-sua-tuoi-tiet-trung-huong-dau-th-true-milk-180ml-202012181055114494.jpg"
Sữa & sản phẩm từ sữa,th_occho_180,Sữa hạt óc chó TH True Nut 180ml,14000,10,"https://img.tgdd.vn/imgt/bhx/f_webp,fit_outside,quality_95,s_1560x1168/https://cdn.tgdd.vn/Products/Images/2943/162580/bhx/thung-48-hop-sua-hat-oc-cho-th-true-nut-180ml-202310071715008042.jpg","https://img.tgdd.vn/imgt/bhx/f_webp,fit_outside,quality_95,s_1560x1168/https://cdn.tgdd.vn/Products/Images/2943/162580/bhx/thung-48-hop-sua-hat-oc-cho-th-true-nut-180ml-202310071715009994.jpg"
Sữa & sản phẩm từ sữa,yakult_org_65x5,Lốc 5 chai sữa uống lên men có đường Yakult 65ml,26000,10,"https://img.tgdd.vn/imgt/bhx/f_webp,fit_outside,quality_95,s_1560x1168/https://cdn.tgdd.vn/Products/Images/7558/323707/bhx/loc-5-chai-sua-uong-len-men-yakult-65ml-202403302022243053.jpg","https://img.tgdd.vn/imgt/bhx/f_webp,fit_outside,quality_95,s_1560x1168/https://cdn.tgdd.vn/Products/Images/7558/323707/bhx/loc-5-chai-sua-uong-len-men-yakult-65ml-202403302022236763.jpg"
Sữa & sản phẩm từ sữa,yakult_less_65x5,Lốc 5 chai sữa uống lên men ít đường Yakult 65ml,26000,10,"https://img.tgdd.vn/imgt/bhx/f_webp,fit_outside,quality_95,s_1560x1168/https://cdn.tgdd.vn/Products/Images/7558/324526/bhx/loc-5-chai-sua-uong-len-men-it-duong-yakult-65ml-202407241651147515.jpg",https://product.hstatic.net/1000141988/product/sua_chua_uong_len_men_it_duong_yakult_565_ml_54419022cadf414a8aaec50a5da008ee_master.png
Sữa & sản phẩm từ sữa,yakult_peach_65x5,Lốc 5 chai sữa uống lên men hương đào Yakult 65ml,26000,10,https://cdn.go-vietnam.vn/sale-products/02099151-1.png?v=6,https://preorder.yakult.vn/static/images/order/yakult-peach.png
Sữa & sản phẩm từ sữa,dalatmilk_less_180,Sữa tươi tiệt trùng ít đường Dalat Milk 180ml,9250,20,"https://img.tgdd.vn/imgt/bhx/f_webp,fit_outside,quality_95,s_1560x1168/https://cdn.tgdd.vn/Products/Images/2386/223741/bhx/loc-4-hop-sua-tuoi-tiet-trung-it-duong-dalat-milk-180ml-202006110907140463.jpg","https://img.tgdd.vn/imgt/bhx/f_webp,fit_outside,quality_95,s_1560x1168/https://cdn.tgdd.vn/Products/Images/2386/223741/bhx/loc-4-hop-sua-tuoi-tiet-trung-it-duong-dalat-milk-180ml-202006110907142874.jpg"
Sữa & sản phẩm từ sữa,dalatmilk_thanhtrung_org_450,Sữa Tươi Thanh Trùng có đường Dalat Milk 450ml,25000,10,"https://img.tgdd.vn/imgt/bhx/f_webp,fit_outside,quality_95,s_1560x1168/https://cdn.tgdd.vn/Products/Images/7558/214505/bhx/sua-tuoi-thanh-trung-dalat-milk-co-duong-hop-450ml-202002191808500508.jpg",https://product.hstatic.net/200000580015/product/thanh_trung_dalatmilk_co_duong_450ml_9ad6187cabbb4b1b8ec68e25e8474d0f_master.jpg
Sữa & sản phẩm từ sữa,dalatmilk_thanhtrung_less_450,Sữa Tươi Thanh Trùng ít đường Dalat Milk 450ml,25000,10,https://cdn.hstatic.net/products/200000580015/z6993400663261_e191d8d4cb3f1acaa8630517f6422a99_70669c12af4f499fb1b827496c23cd94_master.jpg,https://cdn.hstatic.net/products/200000580015/z6993400663105_9b15f70edf3677d70611adac69efc435_4e1436d33ee24f2ab0e005583653704a_master.jpg
Sữa & sản phẩm từ sữa,dalatmilk_thanhtrung_no_450,Sữa Tươi Thanh Trùng không đường Dalat Milk 450ml,25000,10,https://encrypted-tbn0.gstatic.com/images?q=tbn:ANd9GcTpx0dJU8fNq9QHPzxIvh4PC1OfMvcgKSYq3wBSs9pMzUBuX87aCZvvdSy6&s=10,https://suadalat.com/wp-content/uploads/2020/02/STTT-KD-450ml-1.jpg
Sữa & sản phẩm từ sữa,dalatmilk_banana_180,Sữa Tươi Thanh Trùng Hương Chuối Dalat Milk 180ml,11880,10,https://cdn.hstatic.net/products/200000580015/thanh_trung_180ml_-_huong_chuoi_1_db6d74c248404ad6b694a6c48d0495d3_master.png,https://cdn.hstatic.net/products/200000580015/thanh_trung_180ml_-_huong_chuoi_3_1_da1a92f0063c4d708b3e9b13357aef53_master.png
Sữa & sản phẩm từ sữa,binggrae_dau_200,Sữa tươi tiệt trùng hương dâu Binggrae 200ml,22000,5,"https://img.tgdd.vn/imgt/bhx/f_webp,fit_outside,quality_95,s_1560x1168/https://cdn.tgdd.vn/Products/Images/2386/234253/bhx/loc-6-hop-sua-tuoi-tiet-trung-huong-dau-binggrae-200ml-202101212138423459.jpg","https://img.tgdd.vn/imgt/bhx/f_webp,fit_outside,quality_95,s_1560x1168/https://cdn.tgdd.vn/Products/Images/2386/234253/bhx/loc-6-hop-sua-tuoi-tiet-trung-huong-dau-binggrae-200ml-202101212138426781.jpg"
Sữa & sản phẩm từ sữa,binggrae_dua_200,Sữa tươi tiệt trùng hương dưa lưới Binggrae 200ml,22000,5,"https://img.tgdd.vn/imgt/bhx/f_webp,fit_outside,quality_95,s_1560x1168/https://cdn.tgdd.vn/Products/Images/2386/234250/bhx/loc-6-hop-sua-tuoi-tiet-trung-huong-dua-luoi-binggrae-200ml-202101212142145803.jpg","https://img.tgdd.vn/imgt/bhx/f_webp,fit_outside,quality_95,s_1560x1168/https://cdn.tgdd.vn/Products/Images/2386/234250/bhx/loc-6-hop-sua-tuoi-tiet-trung-huong-dua-luoi-binggrae-200ml-202101212142148945.jpg"
Sữa & sản phẩm từ sữa,binggrae_chuoi_200,Sữa tươi tiệt trùng hương chuối Binggrae 200ml,22000,5,"https://img.tgdd.vn/imgt/bhx/f_webp,fit_outside,quality_95,s_1560x1168/https://cdn.tgdd.vn/Products/Images/2386/234247/bhx/loc-6-hop-sua-tuoi-tiet-trung-huong-chuoi-binggrae-200ml-202101211134112770.jpg","https://img.tgdd.vn/imgt/bhx/f_webp,fit_outside,quality_95,s_1560x1168/https://cdn.tgdd.vn/Products/Images/2386/234247/bhx/loc-6-hop-sua-tuoi-tiet-trung-huong-chuoi-binggrae-200ml-202101211134116362.jpg"
Sữa & sản phẩm từ sữa,milo_org_180,Sữa lúa mạch Milo 180ml,7750,10,https://www.nestlemilo.com.vn/sites/default/files/2025-08/milo-pack-180ml_resize.png,"https://img.tgdd.vn/imgt/bhx/f_webp,fit_outside,quality_95,s_1560x1168/https://cdn.tgdd.vn/Products/Images/2386/86191/bhx/thung-48-hop-thuc-uong-lua-mach-milo-active-go-180ml-202403301438136303.jpg"
Sữa & sản phẩm từ sữa,milo_less_180,Sữa lúa mạch ít đường Milo 180ml,7750,10,"https://img.tgdd.vn/imgt/bhx/f_webp,fit_outside,quality_95,s_1560x1168/https://cdn.tgdd.vn/Products/Images/2386/201566/bhx/thung-48-hop-sua-lua-mach-it-duong-milo-active-go-180ml-202404051429374084.jpg","https://img.tgdd.vn/imgt/bhx/f_webp,fit_outside,quality_95,s_1560x1168/https://cdn.tgdd.vn/Products/Images/2386/201566/bhx/thung-48-hop-sua-lua-mach-it-duong-milo-active-go-180ml-202404051429377233.jpg"
Sữa & sản phẩm từ sữa,milo_less_a2_180,Sữa lúa mạch ít đường Milo A2 180ml,8500,10,"https://img.tgdd.vn/imgt/ecom/f_webp,fit_outside,quality_95/https://cdnv2.tgdd.vn/mwg-static/avakids/Products/Images/2945/336178/thung-48-hop-sua-lua-mach-it-duong-milo-a2-180ml-7-638803142396669340.jpg","https://img.tgdd.vn/imgt/ecom/f_webp,fit_outside,quality_95/https://cdnv2.tgdd.vn/mwg-static/avakids/Products/Images/2945/336178/thung-48-hop-sua-lua-mach-it-duong-milo-a2-180ml-5-638803142408505402.jpg"
Sữa & sản phẩm từ sữa,milo_pro_lon_240,Sữa lúa mạch Milo Pro lon 240ml,21000,10,https://production-cdn.pharmacity.io/digital/1080x1080/plain/e-com/images/ecommerce/20260609043438-1-P11440_1.png?versionId=.zkWH_TrCOsguMFpjeFP3cNFlnhscPBA,https://img.lazcdn.com/g/p/c0f62b1470a3637b5be5ec3361bd219b.png_720x720q80.png
Sữa & sản phẩm từ sữa,yomost_dau,Sữa chua uống hương dâu YoMost 170ml,7375,10,"https://img.tgdd.vn/imgt/bhx/f_webp,fit_outside,quality_95,s_1560x1168/https://cdnv2.tgdd.vn/bhx-static/bhx/Products/Images/2944/84113/bhx/loc-sua-chua-uong-yomost-dau-hop-170ml-4-hop_202510301428122247.jpg","https://img.tgdd.vn/imgt/bhx/f_webp,fit_outside,quality_95,s_1560x1168/https://cdnv2.tgdd.vn/bhx-static/bhx/Products/Images/2944/84113/bhx/loc-sua-chua-uong-yomost-dau-hop-170ml-4-hop_202510301428115807.jpg"
Sữa & sản phẩm từ sữa,yomost_cam,Sữa chua uống hương cam YoMost 170ml,6146,10,"https://img.tgdd.vn/imgt/bhx/f_webp,fit_outside,quality_95,s_1560x1168/https://cdnv2.tgdd.vn/bhx-static/bhx/Products/Images/2944/86162/bhx/scu-yomost-cam-170ml-thung_202510301416062191.jpg","https://img.tgdd.vn/imgt/bhx/f_webp,fit_outside,quality_95,s_1560x1168/https://cdnv2.tgdd.vn/bhx-static/bhx/Products/Images/2944/86162/bhx/scu-yomost-cam-170ml-thung_202510301416056251.jpg"
Sữa & sản phẩm từ sữa,yomost_luu,Sữa chua uống hương lựu YoMost 170ml,6146,10,"https://img.tgdd.vn/imgt/bhx/f_webp,fit_outside,quality_95,s_1560x1168/https://cdnv2.tgdd.vn/bhx-static/bhx/Products/Images/2944/85880/bhx/scu-yomost-luu-170ml-thung-48-hop_202510301450152376.jpg","https://img.tgdd.vn/imgt/bhx/f_webp,fit_outside,quality_95,s_1560x1168/https://cdnv2.tgdd.vn/bhx-static/bhx/Products/Images/2944/85880/bhx/scu-yomost-luu-170ml-thung-48-hop_202510301450146365.jpg"
Sữa & sản phẩm từ sữa,yomost_nho,Sữa chua uống hương nho YoMost 170ml,7375,10,https://www.dutchlady.com.vn/sites/default/files/2026-03/Nho.png,
Sữa & sản phẩm từ sữa,yomost_mint_blueberry,Sữa chua uống hương bạc hà và việt quất YoMost 170ml,7250,10,"https://img.tgdd.vn/imgt/bhx/f_webp,fit_outside,quality_95,s_1560x1168/https://cdnv2.tgdd.vn/bhx-static/bhx/Products/Images/2944/178947/bhx/sua-chua-uong-yomost-vi-bac-ha-va-viet-quat-4-hop_202510301511229099.jpg","https://img.tgdd.vn/imgt/bhx/f_webp,fit_outside,quality_95,s_1560x1168/https://cdnv2.tgdd.vn/bhx-static/bhx/Products/Images/2944/178947/bhx/sua-chua-uong-yomost-vi-bac-ha-va-viet-quat-4-hop_202510301511223212.jpg"
Sữa & sản phẩm từ sữa,betagen_org_400,Sữa uống lên men hương tự nhiên Betagen chai 400ml,31000,5,"https://img.tgdd.vn/imgt/bhx/f_webp,fit_outside,quality_95,s_1560x1168/https://cdnv2.tgdd.vn/bhx-static/bhx/production/2026/2/image/Products/Images/7558/220564/bhx/sua-uong-len-men-huong-tu-nhien-betagen-chai-400ml_202602041600202236.jpg",https://s3-hcmc02.higiocloud.vn/images/2023/08/10005377-20230825084333.png
Sữa & sản phẩm từ sữa,betagen_less_300,Sữa uống lên men ít đường Betagen chai 300ml,21500,10,"https://img.tgdd.vn/imgt/bhx/f_webp,fit_outside,quality_95,s_1560x1168/https://cdn.tgdd.vn/Products/Images/7558/322989/bhx/sua-uong-len-men-it-duong-betagen-chai-300ml-202403250900576022.jpg","https://img.tgdd.vn/imgt/bhx/f_webp,fit_outside,quality_95,s_1560x1168/https://cdn.tgdd.vn/Products/Images/7558/322989/bhx/sua-uong-len-men-it-duong-betagen-chai-300ml-202403250900579345.jpg"
Sữa & sản phẩm từ sữa,betagen_dua_300,Sữa uống lên men hương dứa Betagen chai 300m,21000,10,"https://img.tgdd.vn/imgt/bhx/f_webp,fit_outside,quality_95,s_1560x1168/https://cdnv2.tgdd.vn/bhx-static/bhx/production/2026/2/image/Products/Images/7558/220565/bhx/sua-uong-len-men-huong-dua-betagen-chai-300ml_202602041554043510.jpg","https://img.tgdd.vn/imgt/bhx/f_webp,fit_outside,quality_95,s_1560x1168/https://cdn.tgdd.vn/Products/Images/7558/220565/bhx/sua-uong-len-men-huong-dua-betagen-chai-300ml-202004131924259908.jpg"
Sữa & sản phẩm từ sữa,betagen_cam_300,Sữa uống lên men hương cam Betagen chai 300m,21000,10,https://product.hstatic.net/200000073345/product/sua_uong_len_men_betagen_vi_cam_300ml_ece02e40fc5a419cabaf504ce4e41085_1024x1024.jpg,https://lh3.googleusercontent.com/dstI4MuIDuQmQL3XjzsSRreLJuA3GaMrq0kck0FVSnk_kBAuH27FwKvmCiwjhnjMJPLCflcUkX1DjtWvHfLudyWdf894dgQ
Sữa & sản phẩm từ sữa,lothamilk_suachuauong_500,Sữa chua uống Lothamilk chai 500ml,41000,5,https://longbeachmart-cdn.b-cdn.net/lbm_images_sku/1000000009315_1.jpg,"https://img.tgdd.vn/imgt/bhx/f_webp,fit_outside,quality_95,s_1560x1168/https://cdn.tgdd.vn/Products/Images/7558/223243/bhx/sua-chua-uong-thanh-trung-co-duong-lothamilk-chai-880ml-202407051032203733.jpg"
Mì/cháo/phở ăn liền,haohao_handy_tomyum,Mì Handy Hảo Hảo Tomyum 67g,13000,6,"https://img.tgdd.vn/imgt/bhx/f_webp,fit_outside,quality_95,s_1560x1168/https://cdn.tgdd.vn/Products/Images/2565/275941/bhx/mi-handy-hao-hao-tomyum-ly-67g-202204130937209327.jpg","https://img.tgdd.vn/imgt/bhx/f_webp,fit_outside,quality_95,s_1560x1168/https://cdn.tgdd.vn/Products/Images/2565/275941/bhx/mi-handy-hao-hao-tomyum-ly-67g-202204130937218734.jpg"
Mì/cháo/phở ăn liền,haohao_handy_tomchuacay,Mì Handy Hảo Hảo tôm chua cay ly 67g,13000,6,"https://img.tgdd.vn/imgt/bhx/f_webp,fit_outside,quality_95,s_1560x1168/https://cdn.tgdd.vn/Products/Images/2565/82658/bhx/mi-handy-hao-hao-tom-chua-cay-ly-67g-201912051400437161.JPG","https://img.tgdd.vn/imgt/bhx/f_webp,fit_outside,quality_95,s_1560x1168/https://cdn.tgdd.vn/Products/Images/2565/82658/bhx/mi-handy-hao-hao-tom-chua-cay-ly-67g-201912051400440233.JPG"
Mì/cháo/phở ăn liền,haohao_prem_bosate,Mì trộn Hảo Hảo Premium hương vị bò sa tế gói 88g,7900,10,https://cooponline.vn/mi-hao-hao-premium-vi-mi-tron-bo-sa-te-goi-88g--s251108293,https://down-vn.img.susercontent.com/file/vn-11134207-820l4-mh0btwhcfw27fb
Mì/cháo/phở ăn liền,haohao_prem_tomchuacay,Mì Hảo Hảo Premium tôm chua cay gói 88g,7900,10,"https://img.tgdd.vn/imgt/bhx/f_webp,fit_outside,quality_95,s_1560x1168/https://cdnv2.tgdd.vn/bhx-static/bhx/Products/Images/2565/248309/bhx/mi-hao-hao-premium-tom-chua-cay-premium-goi-85g_202511201601429682.jpg",https://down-vn.img.susercontent.com/file/vn-11134207-81ztc-mmk55e0vk8p463
Mì/cháo/phở ăn liền,haohao_chay,Mì Hảo Hảo chay rau nấm 74g,4400,10,"https://img.tgdd.vn/imgt/bhx/f_webp,fit_outside,quality_95,s_1560x1168/https://cdn.tgdd.vn/Products/Images/2565/86022/bhx/thung-30-goi-mi-hao-hao-chay-rau-nam-goi-74g-201912051130514492.JPG",https://product.hstatic.net/1000288770/product/m__chay_h_o_h_o_h__ng_v__rau_n_m_g_i_74g_master.jpg
Mì/cháo/phở ăn liền,haohao_tomchuacay,Mì Hảo Hảo vị tôm chua cay gói 75g,4700,10,"https://img.tgdd.vn/imgt/bhx/f_webp,fit_outside,quality_95,s_1560x1168/https://cdnv2.tgdd.vn/bhx-static/bhx/Products/Images/2565/77622/bhx/slide-1_202410151354441725.jpg",https://bizweb.dktcdn.net/100/514/431/products/mi-hao-hao-tom-chua-cay.jpg?v=1716271249223
Mì/cháo/phở ăn liền,haohao_big100,Mì Big 100 Hảo Hảo tôm chua cay 100g,6400,10,"https://img.tgdd.vn/imgt/bhx/f_webp,fit_outside,quality_95,s_1560x1168/https://cdn.tgdd.vn/Products/Images/2565/327604/bhx/mi-big-100-hao-hao-tom-chua-cay-goi-100g-clone-202407020912306047.jpg",https://www.lottemart.vn/media/catalog/product/cache/0x0/8/9/8934563122201-1.jpg.webp
Mì/cháo/phở ăn liền,haohao_mixao_tomchuangot,Mì xào Hảo Hảo tôm chua ngọt 75g,4600,10,"https://img.tgdd.vn/imgt/bhx/f_webp,fit_outside,quality_95,s_720x584/https://cdnv2.tgdd.vn/bhx-static/bhx/Products/Images/2565/77623/bhx/slide-1_202410151118136263.jpg",https://encrypted-tbn0.gstatic.com/images?q=tbn:ANd9GcQs4p3h1rtXjMxcvA4U2bbdON254l7UDlhlWUcNzLYRzg&s=10
Mì/cháo/phở ăn liền,haohao_mixao_haisan,Mì xào Hảo Hảo hải sản 75g,4600,10,"https://img.tgdd.vn/imgt/bhx/f_webp,fit_outside,quality_95,s_1560x1168/https://cdnv2.tgdd.vn/bhx-static/bhx/Products/Images/2565/307668/bhx/slide-1_202410151039522461.jpg",https://i.imgur.com/rQp78Pr.jpeg
Mì/cháo/phở ăn liền,haohao_hanhtim,Mì Hảo Hảo sa tế hành tím gói 75g,4600,10,"https://img.tgdd.vn/imgt/bhx/f_webp,fit_outside,quality_95,s_1560x1168/https://cdnv2.tgdd.vn/bhx-static/bhx/Products/Images/2565/77620/bhx/slide-1_202410151432191135.jpg",https://encrypted-tbn0.gstatic.com/images?q=tbn:ANd9GcQbbosVCyvh3jHStmhlV7UC797Hy8YfnS1eucQLlVRa_8YV8g_7ICOHdJk&s=10
Mì/cháo/phở ăn liền,indomie_dacbiet,Mì xào khô đặc biệt Indomie gói 85g,6000,10,https://img.onelife.vn/a3Lp2-skzL2Y22-a-FhCwDzyjOnAQSuU5FM69IWSd2o/rs:fit:600:600:1/aHR0cHM6Ly9zdG9yYWdlLmdvb2dsZWFwaXMuY29tL3NjX3BjbV9wcm9kdWN0L3Byb2QvMjAyNC80LzEyLzI4Njc2OC0wODk2ODYwMTA5NDdfMS5qcGc.webp,https://asiamartjp.com/wp-content/uploads/2024/12/indomie-perisa-special-asiamart.jpg
Mì/cháo/phở ăn liền,indomie_caynong,Mì xào cay nồng Indomie gói 85g,6000,10,https://lh3.googleusercontent.com/R6LhqM42r7pwIxxncck4gUymBf94ampmCgm5Xt_538rGl9hb66FemM_hWEnoHZbyR8l9nLwwJ85hJ6zq3i2uAfb7DOpfH4s=w2200-rw,https://asiamartjp.com/wp-content/uploads/2024/12/indomie-fry-spicy-asiamart.jpg
Mì/cháo/phở ăn liền,indomie_hypeabis,Mì xào Hype Abis Indomie gói 85g,6000,10,https://c.alfagift.id/product/1/1_A7041930001027_20250604095704255_base.jpg,https://p16-oec-sg.ibyteimg.com/tos-alisg-i-aphluv4xwc-sg/bce5798bdaa84789bbd7a01894454977~tplv-aphluv4xwc-resize-jpeg:700:0.jpeg
Mì/cháo/phở ăn liền,samyang_cream_carbonara_140,Mì Samyang Buldak vị Cream Carbonara Hàn Quốc 140g,35000,10,https://cdn.buldak.com/images_dev/1758256435416-18_Buldak%20Ramen%20Cream%20Carbonara_140g.webp?w=1200&q=80&fit=contain,https://spice-world.co.za/cdn/shop/files/922_760_64fb342dd390f5.59413108_IMG_0345_800x.jpg?v=1779186941
Mì/cháo/phở ăn liền,samyang_cheese_140,Mì Samyang Buldak khô gà cay vị phô mai 140g,35000,10,https://m.media-amazon.com/images/I/71JWHUCKCJL.jpg,https://encrypted-tbn0.gstatic.com/images?q=tbn:ANd9GcSKw93lEs_hK3MS-Xk5MfDOnslWPYTZcs3Iw5OefWQBG2xhCW9-pFi15BM&s=10
Mì/cháo/phở ăn liền,samyang_org_140,Mì Samyang Buldak Gà Cay Khô Vị Truyền Thống 140g,37000,10,https://tteokbokki.vn/cdn/shop/files/Mi-ga-cay-Samyang-vi-truyen-thong_136231c5-ec79-4b1f-8562-9d74fe6907a5_720x@2x.png?v=1735008397,https://exoticsnacks.com/cdn/shop/files/Original-Hot-Chicken-Flavor-Stir-Fried-Ramen-Pack---140g-SamYang-1684391780_1024x1024.jpg?v=1684391808
Mì/cháo/phở ăn liền,samyang_chacharoni_140,Mì Samyang tương đen chacharoni 140g,38000,10,https://tteokbokki.vn/cdn/shop/files/mi-tuong-den-chacharoni-samyang.png?v=1735635936,https://encrypted-tbn0.gstatic.com/images?q=tbn:ANd9GcRbC5YFUcWtLvOMXgw6iG4vNGaohsJipAURQhaks28t8X7Wm7YhNVtIaxM&s=10
Mì/cháo/phở ăn liền,otoki_cheese,"Mì phô mai cheddar Otoki 110g
",18000,10,https://encrypted-tbn0.gstatic.com/images?q=tbn:ANd9GcTIhgmfXKSidYvGmxuABypIBr-ZSMa6z4ZdgkYiVVw6WEMVdzE6cjBxbcnp&s=10,https://tteokbokki.vn/cdn/shop/files/mi-tron-vi-pho-mai-cheddar-cay-otoki-110g.png?v=1780976922
Mì/cháo/phở ăn liền,otoki_cheese_cay,Mì trộn vị phô mai cheddar cay Otoki 120g,18000,10,https://down-vn.img.susercontent.com/file/vn-11134207-81ztc-mpkk1sr2213j76.webp,https://tteokbokki.vn/cdn/shop/files/mi-tron-vi-pho-mai-cheddar-cay-120g.png?v=1780984749
Mì/cháo/phở ăn liền,jin_jjajang_goi_135,Mì Jin Jjajang xốt tương đen Ottogi 135g,17500,10,https://lh3.googleusercontent.com/ZmtCI0c9Y-sV9JrLYU9opWcFtmGpjSsEwNzbosRzl-86tQ4zSA43EKbItbFyoCKsFOyUH8SglrB8dGm9rs7IejUxyqf7bEc=w2200-rw,"https://img.tgdd.vn/imgt/bhx/f_webp,fit_outside,quality_95,s_1560x1168/https://cdn.tgdd.vn/Products/Images/2565/226515/bhx/mi-xot-tuong-den-jin-jjajang-ramen-ottogi-goi-135g-202008060855217405.jpg"
Mì/cháo/phở ăn liền,otoki_yeul_kimchi_goi_100,Gói Mì Yeul Kimchi Cay Otoki 100g,20000,10,https://down-vn.img.susercontent.com/file/vn-11134207-7ras8-mdk28csfjicx23.webp,https://tteokbokki.vn/cdn/shop/files/mi-kim-chi-cay-yeul-otoki-100g.png?v=1755591899
Mì/cháo/phở ăn liền,koreno_prem_kimchi,Mì kim chi Hàn Quốc Koreno 100g,11300,10,https://paldovina.com/upload/san-pham-noi-dia/goi-koreno-kimchi-800x.png,https://cdn.go-vietnam.vn/sale-products/00042198-0.png?v=12
Mì/cháo/phở ăn liền,koreno_volcano,Mì xào Koreno Volcano vị gà phô mai 118g,10500,10,"https://img.tgdd.vn/imgt/bhx/f_webp,fit_outside,quality_95,s_1560x1168/https://cdn.tgdd.vn/Products/Images/2565/222737/bhx/loc-5-goi-mi-xao-koreno-volcano-vi-ga-pho-mai-118g-202006171642248649.jpg",https://paldovina.com/upload/san-pham-noi-dia/goi-volcano-ga-pho-mai-800x.png
Mì/cháo/phở ăn liền,shin_org_goi_120,Mì Shin Ramyun Nongshim gói 120g,28500,10,https://encrypted-tbn0.gstatic.com/images?q=tbn:ANd9GcQu1ifpmo71rBWFiUrrUCGFI3wMfn367zwguKvtCX89uw&s=10,https://encrypted-tbn0.gstatic.com/images?q=tbn:ANd9GcQ0551SNopBfS4flhkz8Wydf5iSxfGy1xBfy0DfrL11TYzVh8nCY_tv8JE&s=10
Mì/cháo/phở ăn liền,chapagetti_goi_137,Mì trộn tương đen cay Nongshim Chapagetti gói 137g,33000,10,"https://img.tgdd.vn/imgt/bhx/f_webp,fit_outside,quality_95,s_1560x1168/https://cdn.tgdd.vn/Products/Images/2565/234743/bhx/mi-tron-tuong-den-cay-nongshim-chapagetti-goi-137g-202102090839109205.jpg",https://tteokbokki.vn/cdn/shop/products/Mi-tuong-den-chapagetti-cay-Nongshim_720x@2x.png?v=1673165322
Mì/cháo/phở ăn liền,siukay_gaphomai_goi,"Mì gà cay phô mai SiuKay gói 131g
",12900,10,"https://img.tgdd.vn/imgt/bhx/f_webp,fit_outside,quality_95,s_1560x1168/https://cdnv2.tgdd.vn/bhx-static/bhx/Products/Images/2565/212763/bhx/mi-siukay-ga-cay-pho-mai-goi-129g_202505281552024679.jpg",https://down-vn.img.susercontent.com/file/vn-11134207-7ra0g-m9bgpxpiwtjb5d.webp
Mì/cháo/phở ăn liền,siukay_bo_goi,"Mì bò SiuKay gói 127g
",12900,10,"https://img.tgdd.vn/imgt/bhx/f_webp,fit_outside,quality_95,s_1560x1168/https://cdnv2.tgdd.vn/bhx-static/bhx/Products/Images/2565/175976/bhx/mi-siukay-vi-bo-goi-128gr_202505281544381627.jpg",https://www.lottemart.vn/media/catalog/product/cache/0x0/8/9/8934563131258-1-1.jpg.webp
Mì/cháo/phở ăn liền,siukay_haisan_goi,"Mì hải sản SiuKay gói 128g
",12900,10,"https://img.tgdd.vn/imgt/bhx/f_webp,fit_outside,quality_95,s_1560x1168/https://cdnv2.tgdd.vn/bhx-static/bhx/Products/Images/2565/144298/bhx/mi-siukay-vi-hai-san-goi-128gr_202511181059488595.jpg",https://img06.weeecdn.com/item/image/476/543/37EBEF8350EB9285.png.jpeg
Mì/cháo/phở ăn liền,nissin_gaccay,Mì xào Nissin gà cay phô mai Hàn Quốc 72g,7900,10,https://nissinfoods.vn/vnt_upload/product/01_2025/WEB_600x600_gaphomai.png,https://cdn.go-vietnam.vn/sale-products/01010959-1.png?v=12
Mì/cháo/phở ăn liền,omachi_spa_goi,Mì trộn Omachi xốt Spaghetti 90g,10500,10,"https://img.tgdd.vn/imgt/bhx/f_webp,fit_outside,quality_95,s_1560x1168/https://cdn.tgdd.vn/Products/Images/2565/86046/bhx/thung-30-goi-mi-tron-omachi-xot-spaghetti-91g-202304201451435755.jpg",https://www.lottemart.vn/media/catalog/product/cache/0x0/8/9/8936136164397-1.jpg.webp
Mì/cháo/phở ăn liền,omachi_tomchuacay_goi,Mì khoai tây Omachi lẩu tôm càng gói 80g,9500,10,"https://img.tgdd.vn/imgt/bhx/f_webp,fit_outside,quality_95,s_1560x1168/https://cdnv2.tgdd.vn/bhx-static/bhx/Products/Images/2565/289583/bhx/mi-khoai-tay-omachi-tom-chua-cay-thai-goi-80g_202506211848486391.jpg",https://bizweb.dktcdn.net/100/478/273/products/mi-khoai-tay-omachi-tom-chua-cay-thai-goi-80g-202209200946163653.jpg?v=1729492041820
Mì/cháo/phở ăn liền,omachi_suonham_goi,Mì khoai tây Omachi sườn hầm ngũ quả gói 80g,9500,10,"https://img.tgdd.vn/imgt/bhx/f_webp,fit_outside,quality_95,s_1560x1168/https://cdnv2.tgdd.vn/bhx-static/bhx/production/2026/7/image/Products/Images/2565/77628/bhx/mi-omachi-suon-ngu-qua-80g_202607131433564264.jpg",https://tmtdistribution.com/vnt_upload/product/masan/suon_ham.jpg
Mì/cháo/phở ăn liền,denhat_thitbam,Mì Đệ Nhất thịt bằm gói 83g,7800,10,"https://img.tgdd.vn/imgt/bhx/f_webp,fit_outside,quality_95,s_1560x1168/https://cdnv2.tgdd.vn/bhx-static/bhx/Products/Images/2565/77654/bhx/slide-3_202410151641342342.jpg",https://muaday.vn/image/7f7b948f-6851-46c1-a849-cae1b776fcac
Mì/cháo/phở ăn liền,mi_lauthaitom_goi,"Mì Lẩu Thái tôm gói 81g

",8000,10,"https://img.tgdd.vn/imgt/bhx/f_webp,fit_outside,quality_95,s_1560x1168/https://cdnv2.tgdd.vn/bhx-static/bhx/Products/Images/2565/80148/bhx/slide-1_202410151548095299.jpg",https://longbeachmart-cdn.b-cdn.net/lbm_images_sku/1000000000502_1.jpg
Mì/cháo/phở ăn liền,udon_sukisuki_goi,Mì Udon Sưkisưki vị Udon Nhật Bản gói 75g,9300,10,"https://img.tgdd.vn/imgt/bhx/f_webp,fit_outside,quality_95,s_1560x1168/https://cdnv2.tgdd.vn/bhx-static/bhx/Products/Images/2565/77673/bhx/slide_202410151618375631.jpg",https://www.lottemart.vn/media/catalog/product/cache/0x0/8/9/8934563146153.jpg.webp
Mì/cháo/phở ăn liền,udon_sukisuki_tron,Mì Udon Sưkisưki trộn hương vị bò xốt teriyaki gói 82g,9300,10,"https://img.tgdd.vn/imgt/bhx/f_webp,fit_outside,quality_95,s_1560x1168/https://cdn.tgdd.vn/Products/Images/2565/227422/bhx/mi-udon-sukisuki-tron-huong-vi-bo-xot-teriyaki-goi-82g-202009042120294164.jpg",https://acecookvietnam.vn/wp/wp-content/uploads/2017/08/UDON_BO_438-768x900-1-768x901.png
Mì/cháo/phở ăn liền,vifon_bocay_goi,Mì Vifon bò cay thịt thật gói 90g,7900,10,https://lh3.googleusercontent.com/OyMC7Iw1E-mO9TqrkzMlfZG0ZtM5FpEBy5XqD7nHC_Q7gtqQGTpqMy3veLVtIW0RU3uVR_z1E_p7Is_A_FWd3maxDnLeDzN8,https://down-vn.img.susercontent.com/file/vn-11134207-81ztc-mlvnlaln0c1tab
Mì/cháo/phở ăn liền,vifon_rieucua_goi,Mì Vifon riêu cua gói 90g,7900,10,https://lh3.googleusercontent.com/Cvezl45USLco30F5bSerMDQAH7KaakKHcCd9LMjwpbA8OwLy5mwqw2Y5I57QR3JFs8bGl3VqD8l9aVNqsY5pyVvtukxusMWx=w2200-rw,https://down-vn.img.susercontent.com/file/sg-11134201-824gm-me10vn0909a920
Mì/cháo/phở ăn liền,denhat_photron_bo_goi,Phở trộn Đệ Nhất vị bò gói 84g,10600,10,https://acecookvietnam.vn/wp/wp-content/uploads/2025/06/Pho-tron-De-Nhat-huong-vi-Bo-new-768x598.png,"https://img.tgdd.vn/imgt/bhx/f_webp,fit_outside,quality_95,s_1560x1168/https://cdn.tgdd.vn/Products/Images/2566/197785/bhx/thung-18-goi-pho-tron-vi-bo-de-nhat-84g-201912311351304975.jpg"
Mì/cháo/phở ăn liền,denhat_photron_cay_goi,Phở trộn Đệ Nhất vị thập cẩm cay gói 84g,10600,10,https://acecookvietnam.vn/wp/wp-content/uploads/2025/06/Pho-tron-De-Nhat-huong-vi-Thap-Cam-Cay-new-768x598.png,https://product.hstatic.net/1000246697/product/pho-tron-vi-thap-cam-cay-de-nhat-goi-82g-201912311525119585_0569457a83504c928e9296926c2b300f_master.jpg
Mì/cháo/phở ăn liền,denhat_phobo_goi,Phở bò Đệ Nhất gói 65g,9000,10,"https://img.tgdd.vn/imgt/bhx/f_webp,fit_outside,quality_95,s_1560x1168/https://cdnv2.tgdd.vn/bhx-static/bhx/Products/Images/2566/77636/bhx/pho-de-nhat-bo-65g_202505130913110205.jpg",https://cdn.tgdd.vn/Products/Images/2566/322596/bhx/loc-5-goi-pho-bo-de-nhat-68g-202403131105099701.jpg
Mì/cháo/phở ăn liền,phuhuong_thitbam_goi,Miến Phú Hương thịt bằm gói 65g,12000,10,https://encrypted-tbn0.gstatic.com/images?q=tbn:ANd9GcRd7rqFaypZrDa0EcJF5OUg95CiyBH4CD0t6diZMVks7g&s=10,https://longbeachmart-cdn.b-cdn.net/lbm_images_sku/1000000000514_1.jpg
Mì/cháo/phở ăn liền,phuhuong_suonheo_goi,Miến Phú Hương sườn heo gói 58g,12000,10,https://product.hstatic.net/1000288770/product/mien_suon_heo_phu_huong_goi_58g_705fd344c0314f3a910d88fe08a39ba2_7477f7f0b5434fbdb694d5398047baf0_master.jpg,"https://img.tgdd.vn/imgt/bhx/f_webp,fit_outside,quality_95,s_1560x1168/https://cdn.tgdd.vn/Products/Images/2965/322586/bhx/mien-phu-huong-suon-heo-goi-55g-clone-202403041119181315.jpg"
Mì/cháo/phở ăn liền,nhipsong_namvang,Hủ tiếu Nam Vang Nhịp Sống gói 71g,10500,10,"https://img.tgdd.vn/imgt/bhx/f_webp,fit_outside,quality_95,s_1560x1168/https://cdnv2.tgdd.vn/bhx-static/bhx/Products/Images/2965/80162/bhx/cdntgddvnproductsimages296580162bhxhu-tieu-nam-vang-nhip-song-goi-70g-202407221442096615_202412111017181792.jpg",https://www.lottemart.vn/media/catalog/product/cache/0x0/8/9/8934563455149.jpg.webp
Snack/đồ ăn vặt,lays_wavy_bonuong_53,Snack khoai tây Lay's Wavy vị thăn bò nướng Texas gói 53g,12000,5,"https://img.tgdd.vn/imgt/bhx/f_webp,fit_outside,quality_95,s_1560x1168/https://cdn.tgdd.vn/Products/Images/3364/226184/bhx/snack-khoai-tay-vi-than-bo-nuong-texas-lays-wavy-goi-56g-202309070944106614.jpg",https://bizweb.dktcdn.net/thumb/1024x1024/100/522/033/products/d8b5c41d-7347-4d30-a7d0-87eccb6b01d1.jpg?v=1761742752947
Snack/đồ ăn vặt,lays_tao_nori_53,Snack khoai tây Lay's vị tảo biển Nori gói 53g,10000,5,https://bizweb.dktcdn.net/thumb/1024x1024/100/478/273/products/z5985344848948-147825790d3c6ec4f8e24f1921ebb578.jpg?v=1730357045397,https://bizweb.dktcdn.net/thumb/large/100/522/033/products/6daff26b-aa8f-4deb-88b2-a4593d4a49aa.jpg?v=1761742993820
Chăm sóc nhà cửa,downy_xa_passion_2l5,Nước xả vải Downy hương nước hoa đam mê túi 2.5 lít,194000,4,"https://img.tgdd.vn/imgt/bhx/f_webp,fit_outside,quality_95,s_1560x1168/https://cdnv2.tgdd.vn/bhx-static/bhx/Products/Images/2465/178267/bhx/nuoc-xa-vai-downy-premium-parfum-dam-me-tui-23-lit_202504240927463918.jpg",